file:,./insights/page/2/index.html
file:,./insights/ai-impact-market-growth-tech-shortage-and-more/index.html
file:,./insights/index.html
file:,./insights/cloud-migration-preparedness-may-help-government-orgs-reap-proven-benefits/index.html
file:,./insights/protecting-the-software-supply-chain-with-public-private-sector-partnership/index.html
file:,./insights/diversity-in-tech-pays-dividends-why-are-inclusive-workforces-a-smart-business-decision/index.html
file:,./insights/crowdstrike-outage-a-wake-up-call-for-business-continuity-and-disaster-recovery/index.html
file:,./insights/it-cost-optimization-reduces-spending-and-drives-business-growth/index.html
file:,./insights/cybersecurity-awareness-month-ransomware-hijacks-critical-data-raking-up-billions-in-return/index.html
file:,./insights/key-tools-for-it-leadership-success/index.html
file:,./insights/navigating-application-modernization-benefits-strategies-and-future-trends/index.html
file:,./insights/data-governance-the-backbone-of-digital-transformation/index.html
file:,./comments/feed/index.html
file:,./qed-announcement.html
file:,./index.html@p=730.html
file:,./index.html
file:,./privacy-policy/index.html
file:,./index.html@p=809.html
file:,./index.html@p=736.html
file:,./index.html@p=612.html
file:,./about/index.html
file:,./technical-solutions/index.html
file:,./industry-expertise.1.html
file:,./careers/contact/index.html
file:,./careers/index.html
file:,./careers/job-search/index.html
file:,./index.html@p=827.html
file:,./index.html@p=942.html
file:,./wp-json/index.html
file:,./team/ralph-henry/index.html
file:,./team/wesley-lin/index.html
file:,./team/paul-davis/index.html
file:,./team/matthew-wallace/index.html
file:,./team/benjamin-laneave/index.html
file:,./team/scott-weeden/index.html
file:,./team/judy-wagner/index.html
file:,./team/andrew-pegram/index.html
file:,./feed/index.html
file:,./past-performances/health-services-emergency-project-management/index.html
file:,./past-performances/index.html
file:,./past-performances/mechanical-engineering-and-automotive-technicians/index.html
file:,./past-performances/data-science-ai-ml/index.html
file:,./past-performances/servicenow-systems-integration/index.html
file:,./past-performances/cyber-security-program-maturity/index.html
file:,./index.html@p=826.html
file:,./index.html@p=1029.html
file:,./index.html@p=637.html
file:,./industry-expertise/index.html
