Marinosci Law Group PC, https://www.mlg-defaultlaw.com
Barrett Daffin Frappier Turner & Engel LLP, https://www.bdfgroup.com 
Albertelli Law, https://www.alaw.net 
RAS Ghidotti Berger LLP, https://www.raslegalgroup.com 
Hughes Watters & Askanase LLP, https://www.hwa.com 
LOGS Legal Group LLP, https://www.logs.com 
Miller George & Suggs PLLC, https://www.mgsfirm.com 
McCalla Raymer Leibert Pierce LLC, https://www.mccalla.com 
Entra Default Solutions LLC, https://www.entra.com 
Codilis & Stawiarski PC, https://www.codilis.com 
McCarthy Holthus LLP, https://www.mccarthyholthus.com 
Codilis & Associates P.C., https://www.codilis.com 
Aldridge Pite LLP, https://www.aldridgepite.com 
Carrington Foreclosure Services LLC, https://www.carringtonfs.com 
Padgett Law Group, https://www.padgettlawgroup.com 
De Cubas Lewis & Schwartz P.A., https://www.dlspalaw.com 
Ghidotti Berger LLP, https://www.ghidottiberger.com 
Brock and Scott PLLC, https://www.brockandscott.com 
Malcolm Cisneros, https://www.malcolmandcisneros.com 
Mackie Wolf Zientz & Mann PC, https://www.mwzmlaw.com 
Brock & Scott PLLC, https://www.brockandscott.com 
SettlePou, https://www.settlepou.com 
Barrett Daffin Frappier, https://www.bdfgroup.com